<computer_extension_attribute>
	<name>SilverlightVersion</name>
	<description />
	<data_type>String</data_type>
	<input_type>
		<type>script</type>
		<platform>Mac</platform>
		<script>#!/bin/bash
SilverlightVersion=""
if [ -f /Library/Internet\ Plug-Ins/Silverlight.plugin/Contents/Info.plist ]
	then
		SilverlightVersion=$(defaults read /Library/Internet\ Plug-Ins/Silverlight.plugin/Contents/Info.plist CFBundleShortVersionString)
fi

echo "&lt;result&gt;$SilverlightVersion&lt;/result&gt;"

exit 0</script>
	</input_type>
	<inventory_display>Extension Attributes</inventory_display>
	<recon_display>Extension Attributes</recon_display>
</computer_extension_attribute>